{
    "Vehicle": {
        "X": 0.0,
        "Y": 8.544921911379788e-06,
        "Z": -0.5870543718338013,
        "Pitch": 0.0,
        "Roll": 6.335519724107236e-05,
        "Yaw": 0.0
      },
      "Adv_Ped1": {
        "X": 15.469443321228027,
        "Y": 1.6939061880111694,
        "Z": 0.160238116979599,
        "Pitch": 0.0,
        "Roll": 0.0,
        "Yaw": -1.570794269518787
      },
    "Adv_House": {
      "X": 36.59473419189453,
      "Y": 1.715789794921875,
      "Z": -1.1295220851898193,
      "Pitch": 0.0,
      "Roll": 0.0,
      "Yaw": 0.0
    },
    "Adv_Fence": {
      "X": 69.37367248535156,
      "Y": -15.16841983795166,
      "Z": 0.09984252601861954,
      "Pitch": 0.0,
      "Roll": 0.0,
      "Yaw": 1.5707983156159724
    },
    "Adv_Hedge": {
      "X": 31.131582260131836,
      "Y": -6.726315975189209,
      "Z": 0.19999998807907104,
      "Pitch": 0.0,
      "Roll": 0.0,
      "Yaw": 2.9794111924319137e-06
    },
    "Adv_Car": {
      "X": 42.05788803100586,
      "Y": 3.8263158798217773,
      "Z": 0.1854505091905594,
      "Pitch": 0.0,
      "Roll": 0.0,
      "Yaw": 1.5707983156159724
    },
    "Adv_Tree": {
      "X": 42.05788803100586,
      "Y": 5.936842918395996,
      "Z": 0.037053219974040985,
      "Pitch": 0.0,
      "Roll": 0.0,
      "Yaw": 0.0
    }
  }