{
  "Vehicle": {
    "X": 0.0,
    "Y": 8.544921911379788e-06,
    "Z": -0.5870587825775146,
    "Pitch": -1.6255133012432685e-20,
    "Roll": 6.259061050962747e-05,
    "Yaw": 2.0422376698654255e-08
  },
  "Adv_Ped1": {
    "X": 15.469443321228027,
    "Y": 6.293906211853027,
    "Z": 100.16024017333984,
    "Pitch": 0.0,
    "Roll": 0.0,
    "Yaw": -1.9198614298177787
  },
  "Adv_House": {
    "X": 28.399999618530273,
    "Y": -12.588889122009277,
    "Z": -1.1295220851898193,
    "Pitch": 0.0,
    "Roll": 0.0,
    "Yaw": 0.0
  },
  "Adv_Fence": {
    "X": 39.93333053588867,
    "Y": 0.7777783274650574,
    "Z": 0.09984252601861954,
    "Pitch": 0.0,
    "Roll": 0.0,
    "Yaw": 1.5707983156159724
  },
  "Adv_Hedge": {
    "X": 30.69999885559082,
    "Y": -5.0,
    "Z": 0.19999998807907104,
    "Pitch": 0.0,
    "Roll": 0.0,
    "Yaw": 2.9794111924319137e-06
  },
  "Adv_Car": {
    "X": 28.399999618530273,
    "Y": -3.6777782440185547,
    "Z": 0.1854505091905594,
    "Pitch": 0.0,
    "Roll": 0.0,
    "Yaw": 1.5707983156159724
  },
  "Adv_Tree": {
    "X": 45.70000076293945,
    "Y": 0.7777783274650574,
    "Z": 0.037053219974040985,
    "Pitch": 0.0,
    "Roll": 0.0,
    "Yaw": 0.0
  }
}