{
  "Vehicle": {
    "X": 0.0,
    "Y": 7.324218586290954e-06,
    "Z": -0.5861735939979553,
    "Pitch": 4.6210133919751617e-23,
    "Roll": 6.276564094633806e-05,
    "Yaw": 6.151084508917039e-11
  },
  "Adv_Ped1": {
    "X": 15.469443321228027,
    "Y": -3.9060935974121094,
    "Z": 0.160238116979599,
    "Pitch": 0.0,
    "Roll": 0.0,
    "Yaw": -1.570794269518787
  },
  "Adv_House": {
    "X": 28.399999618530273,
    "Y": 1.715789794921875,
    "Z": -1.1295220851898193,
    "Pitch": 0.0,
    "Roll": 0.0,
    "Yaw": 0.0
  },
  "Adv_Fence": {
    "X": 55.71577835083008,
    "Y": -19.38947296142578,
    "Z": 0.09984252601861954,
    "Pitch": 0.0,
    "Roll": 0.0,
    "Yaw": 1.5707983156159724
  },
  "Adv_Hedge": {
    "X": 30.69999885559082,
    "Y": -5.0,
    "Z": 0.19999998807907104,
    "Pitch": 0.0,
    "Roll": 0.0,
    "Yaw": 2.9794111924319137e-06
  },
  "Adv_Car": {
    "X": 39.32630920410156,
    "Y": -13.05789566040039,
    "Z": 0.1854505091905594,
    "Pitch": 0.0,
    "Roll": 0.0,
    "Yaw": 1.5707983156159724
  },
  "Adv_Tree": {
    "X": 33.863155364990234,
    "Y": -8.836840629577637,
    "Z": 0.037053219974040985,
    "Pitch": 0.0,
    "Roll": 0.0,
    "Yaw": 0.0
  }
}