{
  "Vehicle": {
    "X": 0.0,
    "Y": -1.7089843822759576e-05,
    "Z": -0.5878836512565613,
    "Pitch": 0.0,
    "Roll": 6.245801345780741e-05,
    "Yaw": 0.0
  },
  "Adv_Ped2": {
    "X": 21.299999237060547,
    "Y": 6.199999809265137,
    "Z": 100.1601333618164,
    "Pitch": 0.0,
    "Roll": 0.0,
    "Yaw": -1.7453320143623396
  },
  "Adv_House": {
    "X": 34.79999923706055,
    "Y": -17.044443130493164,
    "Z": -1.1295220851898193,
    "Pitch": 0.0,
    "Roll": 0.0,
    "Yaw": 0.0
  },
  "Adv_Fence": {
    "X": 36.599998474121094,
    "Y": 0.5999999642372131,
    "Z": 0.09984252601861954,
    "Pitch": 0.0,
    "Roll": 0.0,
    "Yaw": 1.5707983156159724
  },
  "Adv_Hedge": {
    "X": 86.69999694824219,
    "Y": 0.7777783274650574,
    "Z": 0.19999998807907104,
    "Pitch": 0.0,
    "Roll": 0.0,
    "Yaw": 2.9794111924319137e-06
  },
  "Adv_Car": {
    "X": 43.0,
    "Y": -15.399999618530273,
    "Z": 0.1854505091905594,
    "Pitch": 0.0,
    "Roll": 0.0,
    "Yaw": 1.5707983156159724
  },
  "Adv_Tree": {
    "X": 41.29999923706055,
    "Y": 6.0,
    "Z": 0.037053219974040985,
    "Pitch": 0.0,
    "Roll": 0.0,
    "Yaw": 0.0
  }
}