{
  "Vehicle": {
    "X": 0.0,
    "Y": 0.0,
    "Z": -0.5871980786323547,
    "Pitch": 1.1920928257204248e-07,
    "Roll": 6.519934690985816e-05,
    "Yaw": 2.0204625754280315e-19
  },
  "Adv_Ped1": {
    "X": 115.46945190429688,
    "Y": 1.6939061880111694,
    "Z": 100.16024017333984,
    "Pitch": 0.0,
    "Roll": 0.0,
    "Yaw": -1.570794269518787
  },
  "Adv_House": {
    "X": 68.76665496826172,
    "Y": 14.144444465637207,
    "Z": -1.1295220851898193,
    "Pitch": 0.0,
    "Roll": 0.0,
    "Yaw": 0.0
  },
  "Adv_Fence": {
    "X": 28.399999618530273,
    "Y": 5.233333587646484,
    "Z": 0.09984252601861954,
    "Pitch": 0.0,
    "Roll": 0.0,
    "Yaw": 1.5707983156159724
  },
  "Adv_Hedge": {
    "X": 28.399999618530273,
    "Y": 5.233333587646484,
    "Z": 0.19999998807907104,
    "Pitch": 0.0,
    "Roll": 0.0,
    "Yaw": 2.9794111924319137e-06
  },
  "Adv_Car": {
    "X": 28.399999618530273,
    "Y": -8.133332252502441,
    "Z": 0.1854505091905594,
    "Pitch": 0.0,
    "Roll": 0.0,
    "Yaw": 1.5707983156159724
  },
  "Adv_Tree": {
    "X": 28.399999618530273,
    "Y": 0.7777783274650574,
    "Z": 0.037053219974040985,
    "Pitch": 0.0,
    "Roll": 0.0,
    "Yaw": 0.0
  }
}