{
  "Vehicle": {
    "X": 0.0,
    "Y": 0.0,
    "Z": -0.803080141544342,
    "Pitch": 0.0,
    "Roll": 0.0,
    "Yaw": 0.0
  },
  "Adv_Ped2": {
    "X": 21.299999237060547,
    "Y": 6.199999809265137,
    "Z": 400.1600646972656,
    "Pitch": 0.0,
    "Roll": 0.0,
    "Yaw": -1.745332395052548
  },
  "Adv_House": {
    "X": 52.099998474121094,
    "Y": -8.133332252502441,
    "Z": -1.1295220851898193,
    "Pitch": 0.0,
    "Roll": 0.0,
    "Yaw": 0.0
  },
  "Adv_Fence": {
    "X": 86.69999694824219,
    "Y": -17.044443130493164,
    "Z": 0.09984252601861954,
    "Pitch": 0.0,
    "Roll": 0.0,
    "Yaw": 1.5707983156159724
  },
  "Adv_Hedge": {
    "X": 86.69999694824219,
    "Y": 0.7777783274650574,
    "Z": 0.19999998807907104,
    "Pitch": 0.0,
    "Roll": 0.0,
    "Yaw": 2.9794111924319137e-06
  },
  "Adv_Car": {
    "X": 43.0,
    "Y": -15.399999618530273,
    "Z": 0.1854505091905594,
    "Pitch": 0.0,
    "Roll": 0.0,
    "Yaw": 1.5707983156159724
  },
  "Adv_Tree": {
    "X": 41.29999923706055,
    "Y": 6.0,
    "Z": 0.037053219974040985,
    "Pitch": 0.0,
    "Roll": 0.0,
    "Yaw": 0.0
  }
}