{
  "Vehicle": {
    "X": 0.0,
    "Y": 2.441406195430318e-06,
    "Z": -0.5868091583251953,
    "Pitch": -6.467906155311119e-21,
    "Roll": 6.159593617014773e-05,
    "Yaw": 9.296790901494798e-09
  },
  "Adv_Ped1": {
    "X": 15.469443321228027,
    "Y": -0.7060937285423279,
    "Z": 0.160238116979599,
    "Pitch": 0.0,
    "Roll": 0.0,
    "Yaw": -1.570794269518787
  },
  "Adv_House": {
    "X": 40.376922607421875,
    "Y": 6.261538028717041,
    "Z": -1.1295220851898193,
    "Pitch": 0.0,
    "Roll": 0.0,
    "Yaw": 0.0
  },
  "Adv_Fence": {
    "X": 28.399999618530273,
    "Y": -8.133332252502441,
    "Z": 0.09984252601861954,
    "Pitch": 0.0,
    "Roll": 0.0,
    "Yaw": 1.5707983156159724
  },
  "Adv_Hedge": {
    "X": 31.061542510986328,
    "Y": -2.99230694770813,
    "Z": 0.19999998807907104,
    "Pitch": 0.0,
    "Roll": 0.0,
    "Yaw": 2.9794111924319137e-06
  },
  "Adv_Car": {
    "X": 56.34614944458008,
    "Y": -17.38718032836914,
    "Z": 0.1854505091905594,
    "Pitch": 0.0,
    "Roll": 0.0,
    "Yaw": 1.5707983156159724
  },
  "Adv_Tree": {
    "X": 63.0,
    "Y": -2.99230694770813,
    "Z": 0.037053219974040985,
    "Pitch": 0.0,
    "Roll": 0.0,
    "Yaw": 0.0
  }
}